investor_id,investor_name,estimated_net_worth,phone_number,email
CA_1058,Alexander Anderson,3678443,555-859-5506,alexander.anderson@example.com
CA_1081,Donna Lewis,11364231,555-854-2679,donna.lewis@example.com
CA_1114,Jerry Cooper,7834366,555-704-7912,jerry.cooper@example.com
CA_1172,Robert Brown,8287781,555-323-4811,robert.brown@example.com
CA_1301,Nicholas Cox,3780798,555-674-4257,nicholas.cox@example.com
CA_1307,Adam Cooper,30153498,555-325-8359,adam.cooper@example.com
CA_1354,Sarah Scott,2436124,555-877-3615,sarah.scott@example.com
CA_1415,Jose Diaz,24833825,555-384-3547,jose.diaz@example.com
CA_1532,Helen Baker,8859215,555-194-7224,helen.baker@example.com
CA_1540,Richard Rivera,25082477,555-718-5333,richard.rivera@example.com
CA_1544,Jennifer Collins,37985658,555-227-7201,jennifer.collins@example.com
CA_1659,David Peterson,21674861,555-949-6925,david.peterson@example.com
CA_1716,Laura Harris,49283015,555-171-1750,laura.harris@example.com
CA_1730,Jack Robinson,21420497,555-181-4814,jack.robinson@example.com
CA_1732,Richard Carter,20654492,555-564-6977,richard.carter@example.com
CA_1850,Charles Mitchell,25841813,555-314-5374,charles.mitchell@example.com
CA_2002,Jose Martinez,42878089,555-750-3803,jose.martinez@example.com
CA_2068,Jonathan Young,12965755,555-573-7216,jonathan.young@example.com
CA_2226,Paul Bailey,16738124,555-801-6313,paul.bailey@example.com
CA_2231,Linda Robinson,4154210,555-924-6168,linda.robinson@example.com
CA_2238,Lisa Wright,6441842,555-316-6155,lisa.wright@example.com
CA_2308,Helen Murphy,28550407,555-758-8517,helen.murphy@example.com
CA_2357,Christopher King,11370432,555-352-9830,christopher.king@example.com
CA_2425,Carol Howard,30751707,555-697-7543,carol.howard@example.com
CA_2494,George Lewis,11283286,555-621-9085,george.lewis@example.com
CA_2576,Barbara Miller,9358428,555-256-3621,barbara.miller@example.com
CA_2668,Tyler Diaz,42024332,555-165-7304,tyler.diaz@example.com
CA_2752,Edward Kim,33410296,555-641-5119,edward.kim@example.com
CA_2873,Stephen Johnson,47653046,555-838-2876,stephen.johnson@example.com
CA_2878,Tyler Morgan,19906335,555-887-6573,tyler.morgan@example.com
CA_2983,Joseph Nguyen,31176602,555-261-8433,joseph.nguyen@example.com
CA_3063,James King,35593765,555-880-3927,james.king@example.com
CA_3085,Nicholas Wilson,43963185,555-405-9317,nicholas.wilson@example.com
CA_3168,Brandon Sanchez,12256869,555-482-3646,brandon.sanchez@example.com
CA_3178,Sharon Ortiz,2038379,555-713-6310,sharon.ortiz@example.com
CA_3276,Gary Williams,9507315,555-471-6038,gary.williams@example.com
CA_3363,Donald Davis,18164618,555-999-2290,donald.davis@example.com
CA_3381,David Morales,6644773,555-878-9727,david.morales@example.com
CA_3391,Thomas Taylor,46275128,555-586-3705,thomas.taylor@example.com
CA_3460,Carol Ortiz,42707828,555-533-4470,carol.ortiz@example.com
CA_3461,Sharon Sanchez,49845195,555-419-7537,sharon.sanchez@example.com
CA_3478,Dennis Mitchell,31400398,555-629-8397,dennis.mitchell@example.com
CA_3490,Jessica Young,17079183,555-165-6539,jessica.young@example.com
CA_3494,John Ramos,39173044,555-335-4608,john.ramos@example.com
CA_3506,James Martinez,49502401,555-746-1964,james.martinez@example.com
CA_3582,Sandra Rodriguez,4108087,555-980-6413,sandra.rodriguez@example.com
CA_3597,Elizabeth Rogers,17972220,555-385-8953,elizabeth.rogers@example.com
CA_3639,Helen Cooper,10879297,555-840-8744,helen.cooper@example.com
CA_3682,Donna Stewart,29317331,555-294-2545,donna.stewart@example.com
CA_3794,Richard Parker,25776507,555-533-7735,richard.parker@example.com
CA_3808,Helen Miller,47188729,555-769-2612,helen.miller@example.com
CA_3836,Linda Phillips,24770212,555-919-2790,linda.phillips@example.com
CA_3900,Donna Harris,14764703,555-649-8350,donna.harris@example.com
CA_3923,Sarah Diaz,14313673,555-385-8579,sarah.diaz@example.com
CA_3928,Donna Martinez,31738000,555-927-2604,donna.martinez@example.com
CA_3940,Michael Cooper,2990382,555-195-4872,michael.cooper@example.com
CA_4085,Nancy Evans,34590824,555-592-4502,nancy.evans@example.com
CA_4131,Lisa Davis,13048610,555-488-1035,lisa.davis@example.com
CA_4189,Dorothy King,32535094,555-392-7930,dorothy.king@example.com
CA_4227,Jose Bailey,46417431,555-835-8973,jose.bailey@example.com
CA_4295,Karen Harris,21911725,555-322-1958,karen.harris@example.com
CA_4313,Justin Cooper,6090793,555-865-6138,justin.cooper@example.com
CA_4338,Linda Miller,41203494,555-588-9238,linda.miller@example.com
CA_4377,Ruth Lee,5817123,555-620-2312,ruth.lee@example.com
CA_4386,Lisa Rodriguez,41932130,555-169-4853,lisa.rodriguez@example.com
CA_4566,Lisa Thomas,40230269,555-352-1651,lisa.thomas@example.com
CA_4576,Samuel Hernandez,30133707,555-773-9565,samuel.hernandez@example.com
CA_4736,Kenneth King,15707602,555-785-6147,kenneth.king@example.com
CA_4738,Donald King,28560738,555-234-5915,donald.king@example.com
CA_4848,Ryan Green,6868286,555-109-8508,ryan.green@example.com
CA_4857,Samuel Reed,8709628,555-175-9808,samuel.reed@example.com
CA_4890,Helen Cook,19797298,555-235-6718,helen.cook@example.com
CA_4906,William Young,26798543,555-391-3584,william.young@example.com
CA_4925,Jeffrey Cooper,49213765,555-409-9666,jeffrey.cooper@example.com
CA_4990,Mary Peterson,22090967,555-779-2697,mary.peterson@example.com
CA_5107,Sarah King,9746286,555-209-3546,sarah.king@example.com
CA_5154,Paul Torres,42589442,555-315-6617,paul.torres@example.com
CA_5177,Anthony King,35917427,555-600-5114,anthony.king@example.com
CA_5186,Michael Lopez,44566108,555-533-5533,michael.lopez@example.com
CA_5420,Jennifer Smith,24384600,555-889-3143,jennifer.smith@example.com
CA_5455,Alexander King,12843582,555-859-8239,alexander.king@example.com
CA_5534,Stephen Diaz,39641822,555-109-2832,stephen.diaz@example.com
CA_5667,Elizabeth Martin,38613944,555-136-7049,elizabeth.martin@example.com
CA_5688,Justin Peterson,11938405,555-540-3088,justin.peterson@example.com
CA_5872,Jennifer Flores,26471348,555-915-1653,jennifer.flores@example.com
CA_5984,Kimberly Clark,47772720,555-355-2684,kimberly.clark@example.com
CA_6090,Kimberly Bailey,29271524,555-735-3532,kimberly.bailey@example.com
CA_6143,Donald Lee,13881783,555-522-1406,donald.lee@example.com
CA_6204,Daniel Nelson,29629602,555-921-5065,daniel.nelson@example.com
CA_6213,Paul Lee,49061982,555-210-7267,paul.lee@example.com
CA_6301,Robert Stewart,16927274,555-304-8541,robert.stewart@example.com
CA_6322,Brian Flores,17273674,555-328-1387,brian.flores@example.com
CA_6449,Jack Harris,28740599,555-436-5564,jack.harris@example.com
CA_6530,William Scott,25565017,555-756-9346,william.scott@example.com
CA_6608,Lisa Morgan,24223091,555-128-2889,lisa.morgan@example.com
CA_6648,Carol Thompson,40962717,555-371-1626,carol.thompson@example.com
CA_6773,Susan Kim,31163080,555-453-6139,susan.kim@example.com
CA_6839,Karen Cox,36321020,555-218-7311,karen.cox@example.com
CA_6847,Laura Harris,19094138,555-145-8144,laura.harris@example.com
CA_7016,James Gutierrez,38134901,555-803-4228,james.gutierrez@example.com
CA_7117,George Parker,6695862,555-780-6409,george.parker@example.com
CA_7155,Samuel Green,46519179,555-968-3041,samuel.green@example.com
CA_7156,Douglas Hill,36032415,555-416-7691,douglas.hill@example.com
CA_7164,Laura Phillips,48788864,555-402-3085,laura.phillips@example.com
CA_7174,Matthew Turner,46622658,555-488-3851,matthew.turner@example.com
CA_7348,Benjamin Reed,22196404,555-515-9977,benjamin.reed@example.com
CA_7363,James Hill,21254453,555-315-8043,james.hill@example.com
CA_7395,Justin Cox,45936550,555-429-8618,justin.cox@example.com
CA_7411,Jeffrey Cruz,47340576,555-318-9375,jeffrey.cruz@example.com
CA_7511,Jacob Perez,46214725,555-186-5649,jacob.perez@example.com
CA_7541,Carol Richardson,24494103,555-195-4848,carol.richardson@example.com
CA_7602,Jerry Flores,17075379,555-925-4262,jerry.flores@example.com
CA_7723,Christopher Brown,5101350,555-350-8784,christopher.brown@example.com
CA_7794,Benjamin Martinez,32562461,555-524-4185,benjamin.martinez@example.com
CA_7813,Adam Roberts,35177090,555-509-4997,adam.roberts@example.com
CA_7865,Christopher Smith,9152952,555-897-7965,christopher.smith@example.com
CA_7926,Mark Thompson,48701848,555-630-8611,mark.thompson@example.com
CA_7970,Michael Bailey,18723413,555-968-2988,michael.bailey@example.com
CA_8003,Ryan Moore,33181679,555-783-9702,ryan.moore@example.com
CA_8033,Michelle Kim,23293505,555-873-8251,michelle.kim@example.com
CA_8080,Benjamin Cook,30638087,555-950-9976,benjamin.cook@example.com
CA_8173,Betty Lee,33854862,555-560-5246,betty.lee@example.com
CA_8288,Donna Scott,36983838,555-596-4919,donna.scott@example.com
CA_8298,Ruth Cruz,7199819,555-830-5681,ruth.cruz@example.com
CA_8357,Donald Wright,24538346,555-427-9849,donald.wright@example.com
CA_8401,David Moore,12122074,555-336-7275,david.moore@example.com
CA_8411,Aaron Martin,49406986,555-319-2052,aaron.martin@example.com
CA_8428,Nancy Evans,24205074,555-655-8633,nancy.evans@example.com
CA_8483,Nancy Davis,15880420,555-952-7883,nancy.davis@example.com
CA_8646,Dorothy Howard,48675757,555-120-7232,dorothy.howard@example.com
CA_8704,Sandra Smith,25606133,555-405-7389,sandra.smith@example.com
CA_8778,Nancy Morgan,38650318,555-919-4613,nancy.morgan@example.com
CA_8842,Gary Lewis,20316378,555-546-8956,gary.lewis@example.com
CA_8861,Patricia Roberts,24557271,555-784-7624,patricia.roberts@example.com
CA_8864,Douglas Perez,33366021,555-230-9751,douglas.perez@example.com
CA_8939,Patricia Gomez,41721251,555-677-1444,patricia.gomez@example.com
CA_9062,David Diaz,11106638,555-987-8564,david.diaz@example.com
CA_9123,Lisa Miller,19458794,555-488-6363,lisa.miller@example.com
CA_9139,Helen Collins,23934250,555-445-7211,helen.collins@example.com
CA_9166,Ruth Turner,18929655,555-954-2341,ruth.turner@example.com
CA_9249,Jacob Williams,38199799,555-153-6733,jacob.williams@example.com
CA_9316,Mark Rodriguez,45738514,555-141-1508,mark.rodriguez@example.com
CA_9411,Donna Sanchez,3367679,555-736-3496,donna.sanchez@example.com
CA_9449,Donald Taylor,33780144,555-785-2874,donald.taylor@example.com
CA_9452,Larry Ramirez,33207902,555-816-5198,larry.ramirez@example.com
CA_9459,Deborah Perez,42660770,555-721-2876,deborah.perez@example.com
CA_9532,Charles Flores,9254384,555-692-1420,charles.flores@example.com
CA_9574,Michelle Kelly,47456006,555-484-7498,michelle.kelly@example.com
CA_9588,Adam Sanchez,7100037,555-706-4978,adam.sanchez@example.com
CA_9638,Susan Hill,47919846,555-714-2983,susan.hill@example.com
CA_9670,Larry Garcia,25300450,555-645-8018,larry.garcia@example.com
CA_9778,Jack Mitchell,6627608,555-618-6590,jack.mitchell@example.com
CA_9784,Mary Turner,34896879,555-208-8102,mary.turner@example.com
CA_9840,George Collins,49466679,555-256-8135,george.collins@example.com
CA_9929,Daniel Gutierrez,45651458,555-376-9817,daniel.gutierrez@example.com
CB_1008,Sandra Reyes,31230909,555-945-5397,sandra.reyes@example.com
CB_1194,Laura Young,7815848,555-385-8385,laura.young@example.com
CB_1218,Donna Reyes,40241962,555-724-7209,donna.reyes@example.com
CB_1287,Sarah Brown,35172347,555-971-6325,sarah.brown@example.com
CB_1476,Lisa Morales,16235122,555-463-5232,lisa.morales@example.com
CB_1504,Sarah Scott,42007285,555-818-5526,sarah.scott@example.com
CB_1576,Michelle Johnson,36670267,555-295-2402,michelle.johnson@example.com
CB_1751,Donald Evans,34787904,555-668-4937,donald.evans@example.com
CB_1756,Aaron Stewart,45345809,555-828-9041,aaron.stewart@example.com
CB_1929,Betty Williams,8244704,555-401-4630,betty.williams@example.com
CB_1930,Lisa Young,22549138,555-779-7046,lisa.young@example.com
CB_1973,Jacob Peterson,37629567,555-452-7971,jacob.peterson@example.com
CB_2000,Zachary Peterson,24199028,555-460-8434,zachary.peterson@example.com
CB_2009,Paul Flores,18871415,555-336-2976,paul.flores@example.com
CB_2258,Douglas Harris,23176064,555-222-9779,douglas.harris@example.com
CB_2372,Aaron White,14854097,555-321-8933,aaron.white@example.com
CB_2375,Ruth Ramos,37207784,555-711-5636,ruth.ramos@example.com
CB_2445,Richard Harris,21880763,555-332-6912,richard.harris@example.com
CB_2477,Daniel Hill,2949480,555-825-9751,daniel.hill@example.com
CB_2534,Thomas Scott,5054506,555-155-5786,thomas.scott@example.com
CB_2554,Jose Taylor,44806707,555-989-9042,jose.taylor@example.com
CB_2556,Susan Johnson,40524797,555-391-8690,susan.johnson@example.com
CB_2602,Sandra Cruz,24864388,555-288-1841,sandra.cruz@example.com
CB_2762,Steven Morris,9656258,555-941-2070,steven.morris@example.com
CB_2917,Lisa Morales,6971570,555-690-1878,lisa.morales@example.com
CB_2936,Karen Martin,39771525,555-411-2395,karen.martin@example.com
CB_2982,Donna Thomas,39451647,555-882-7818,donna.thomas@example.com
CB_2983,Brandon Kim,43501353,555-331-9561,brandon.kim@example.com
CB_2992,Edward Edwards,31710503,555-404-8025,edward.edwards@example.com
CB_3070,Michelle Reed,43676438,555-161-2625,michelle.reed@example.com
CB_3097,Anthony Ramirez,19760100,555-776-2330,anthony.ramirez@example.com
CB_3109,Charles Walker,13664429,555-665-2229,charles.walker@example.com
CB_3228,Charles Smith,29415150,555-561-8699,charles.smith@example.com
CB_3306,Sharon Jones,17534107,555-395-5632,sharon.jones@example.com
CB_3324,Jose Collins,6776792,555-803-4824,jose.collins@example.com
CB_3395,Carol Ramos,46371242,555-923-4241,carol.ramos@example.com
CB_3442,Jason Anderson,38544962,555-330-3441,jason.anderson@example.com
CB_3460,Paul Jackson,6792233,555-161-3718,paul.jackson@example.com
CB_3461,Michelle Kim,40198838,555-395-8195,michelle.kim@example.com
CB_3576,Jessica Reyes,48216397,555-411-7594,jessica.reyes@example.com
CB_3649,Paul Cook,38237549,555-605-8172,paul.cook@example.com
CB_3795,David Kim,4675011,555-542-6280,david.kim@example.com
CB_3832,Brandon Allen,3735763,555-193-4750,brandon.allen@example.com
CB_3838,Jerry Kelly,41401152,555-121-5415,jerry.kelly@example.com
CB_3883,Laura Garcia,13756850,555-581-9502,laura.garcia@example.com
CB_4035,Raymond Cruz,20666771,555-285-8141,raymond.cruz@example.com
CB_4040,Alexander Morales,8123174,555-581-6700,alexander.morales@example.com
CB_4049,Timothy Nelson,23545854,555-786-2713,timothy.nelson@example.com
CB_4054,Charles Nelson,29625034,555-810-9117,charles.nelson@example.com
CB_4130,Andrew Phillips,38916358,555-137-8451,andrew.phillips@example.com
CB_4234,Barbara Green,18938200,555-431-2899,barbara.green@example.com
CB_4280,Lisa Rogers,2077246,555-773-9889,lisa.rogers@example.com
CB_4418,Helen Evans,5637574,555-292-9494,helen.evans@example.com
CB_4466,George Richardson,35453305,555-740-8242,george.richardson@example.com
CB_4554,Michael Clark,19921840,555-662-3146,michael.clark@example.com
CB_4622,Andrew Cruz,48858766,555-596-2989,andrew.cruz@example.com
CB_4664,Patricia Cox,18058980,555-826-3594,patricia.cox@example.com
CB_4672,Michelle Peterson,2917677,555-665-7684,michelle.peterson@example.com
CB_4730,Barbara Lewis,9614246,555-572-2924,barbara.lewis@example.com
CB_4850,Frank Martin,35445413,555-833-5781,frank.martin@example.com
CB_4867,Carol Wright,29883084,555-954-8905,carol.wright@example.com
CB_4878,Jacob Young,32654421,555-664-3369,jacob.young@example.com
CB_4993,Dorothy Harris,42223549,555-620-3236,dorothy.harris@example.com
CB_5095,William Scott,29846314,555-448-9318,william.scott@example.com
CB_5111,Paul Smith,20981002,555-843-5891,paul.smith@example.com
CB_5133,Sarah Howard,46287874,555-601-3434,sarah.howard@example.com
CB_5143,Betty Morgan,34503600,555-453-6446,betty.morgan@example.com
CB_5264,Stephen Cooper,27314138,555-566-6272,stephen.cooper@example.com
CB_5337,Matthew Walker,40372690,555-492-4826,matthew.walker@example.com
CB_5467,Timothy Garcia,23352451,555-862-8749,timothy.garcia@example.com
CB_5539,Henry Carter,27909306,555-779-3492,henry.carter@example.com
CB_5552,Donna Jones,10472243,555-614-6439,donna.jones@example.com
CB_5628,Richard Cruz,8691538,555-638-8486,richard.cruz@example.com
CB_5648,Mary Jackson,29513199,555-991-3529,mary.jackson@example.com
CB_5685,Elizabeth Stewart,19785377,555-446-7512,elizabeth.stewart@example.com
CB_5771,Raymond Hernandez,24049663,555-972-9742,raymond.hernandez@example.com
CB_5781,Edward Green,44063780,555-835-8994,edward.green@example.com
CB_5854,Sharon Jones,43437003,555-170-4846,sharon.jones@example.com
CB_5858,Gregory Torres,17266345,555-864-2480,gregory.torres@example.com
CB_5868,Karen Gonzalez,44530096,555-820-2646,karen.gonzalez@example.com
CB_5894,Jeffrey Perez,48573629,555-406-1474,jeffrey.perez@example.com
CB_5906,Jennifer Adams,5766097,555-400-6873,jennifer.adams@example.com
CB_5921,Deborah Parker,11769023,555-350-9702,deborah.parker@example.com
CB_5940,Timothy Reed,47754848,555-911-3950,timothy.reed@example.com
CB_5998,Nancy Thompson,7299476,555-724-7267,nancy.thompson@example.com
CB_6029,Samuel Walker,35397883,555-697-3344,samuel.walker@example.com
CB_6052,Sandra Reyes,44809055,555-360-8529,sandra.reyes@example.com
CB_6127,Steven Johnson,33222617,555-394-9955,steven.johnson@example.com
CB_6252,Charles Martinez,31643983,555-453-5901,charles.martinez@example.com
CB_6287,Alexander Diaz,48326155,555-356-8484,alexander.diaz@example.com
CB_6302,Joshua Sanchez,27816326,555-973-8916,joshua.sanchez@example.com
CB_6331,Susan Walker,27592924,555-685-6881,susan.walker@example.com
CB_6365,Laura Nguyen,48927824,555-402-1359,laura.nguyen@example.com
CB_6433,Jack Gomez,20420066,555-108-1803,jack.gomez@example.com
CB_6461,Brandon Murphy,21206164,555-894-4770,brandon.murphy@example.com
CB_6469,Brandon Rivera,16697145,555-751-4115,brandon.rivera@example.com
CB_6537,Samuel Allen,47484002,555-873-3240,samuel.allen@example.com
CB_6546,Gregory Gonzalez,44108000,555-761-1645,gregory.gonzalez@example.com
CB_6564,Michelle Cruz,4239055,555-693-6977,michelle.cruz@example.com
CB_6613,Nathan Taylor,8048748,555-402-6352,nathan.taylor@example.com
CB_6652,Zachary Turner,13787005,555-305-3165,zachary.turner@example.com
CB_6680,Sharon Campbell,37624899,555-613-5465,sharon.campbell@example.com
CB_6699,Nancy Allen,34336260,555-925-5835,nancy.allen@example.com
CB_6878,Zachary Baker,9728908,555-579-2233,zachary.baker@example.com
CB_7149,Christopher Lewis,47387316,555-841-7511,christopher.lewis@example.com
CB_7176,Michelle Campbell,8060123,555-909-7464,michelle.campbell@example.com
CB_7284,Mary King,38008758,555-226-8451,mary.king@example.com
CB_7300,Deborah King,41229163,555-490-7086,deborah.king@example.com
CB_7418,Susan Robinson,33640277,555-125-6374,susan.robinson@example.com
CB_7459,Benjamin Lewis,45463215,555-164-8606,benjamin.lewis@example.com
CB_7551,Jose Hill,45569721,555-518-2911,jose.hill@example.com
CB_7587,Sarah Garcia,4497263,555-411-9071,sarah.garcia@example.com
CB_7613,Joseph Gonzalez,17757163,555-650-3222,joseph.gonzalez@example.com
CB_7662,Dorothy Collins,26898161,555-786-9850,dorothy.collins@example.com
CB_7664,Nancy Ramos,12369856,555-524-2622,nancy.ramos@example.com
CB_7721,Gary Ward,29388193,555-386-1536,gary.ward@example.com
CB_7781,Aaron Mitchell,16580721,555-554-8285,aaron.mitchell@example.com
CB_7788,Donald Campbell,8667575,555-802-7018,donald.campbell@example.com
CB_7879,Sharon Rivera,6063447,555-507-5520,sharon.rivera@example.com
CB_7897,Matthew Thomas,32515566,555-193-4475,matthew.thomas@example.com
CB_7904,Frank Kim,3433274,555-151-6464,frank.kim@example.com
CB_7917,Donna Taylor,39888186,555-310-2124,donna.taylor@example.com
CB_7951,Stephen Clark,41351502,555-321-4817,stephen.clark@example.com
CB_8027,Kevin Jackson,41995650,555-102-5542,kevin.jackson@example.com
CB_8048,Christopher Taylor,38253245,555-356-3858,christopher.taylor@example.com
CB_8149,Joseph Brown,10845165,555-115-6869,joseph.brown@example.com
CB_8169,Donald Ramos,23727935,555-116-3854,donald.ramos@example.com
CB_8181,Carol Miller,10506621,555-859-7897,carol.miller@example.com
CB_8204,Ruth Anderson,6265307,555-587-8344,ruth.anderson@example.com
CB_8281,George Rogers,41840252,555-211-8405,george.rogers@example.com
CB_8443,Nicholas Lewis,43279121,555-144-9543,nicholas.lewis@example.com
CB_8544,Joshua Collins,45173862,555-131-1996,joshua.collins@example.com
CB_8572,Sandra Phillips,30606738,555-802-2768,sandra.phillips@example.com
CB_8607,Gary Cruz,6931878,555-182-6277,gary.cruz@example.com
CB_8653,Brandon Jackson,6407860,555-229-5505,brandon.jackson@example.com
CB_8662,Samuel Howard,38799577,555-829-6327,samuel.howard@example.com
CB_8688,Edward Kim,37605066,555-401-8433,edward.kim@example.com
CB_8773,Nicholas Cox,30870188,555-201-2874,nicholas.cox@example.com
CB_8908,Raymond Peterson,16429953,555-540-8398,raymond.peterson@example.com
CB_8910,Sandra Evans,24745315,555-947-8430,sandra.evans@example.com
CB_8917,Lisa Turner,8381102,555-420-7992,lisa.turner@example.com
CB_8933,Kenneth Allen,27118916,555-256-8770,kenneth.allen@example.com
CB_8939,William Lopez,7728705,555-195-8075,william.lopez@example.com
CB_8947,Richard Mitchell,10731900,555-669-1982,richard.mitchell@example.com
CB_8976,Sarah Bailey,39693933,555-437-3002,sarah.bailey@example.com
CB_9009,Timothy Rivera,46650246,555-868-7929,timothy.rivera@example.com
CB_9044,Douglas Miller,21302482,555-714-6119,douglas.miller@example.com
CB_9058,Kimberly Wilson,40783455,555-619-4485,kimberly.wilson@example.com
CB_9063,Karen Morris,17048818,555-967-2773,karen.morris@example.com
CB_9118,Brian Bailey,26666604,555-217-5564,brian.bailey@example.com
CB_9172,Laura Lewis,30797246,555-965-1430,laura.lewis@example.com
CB_9207,Brandon Wright,3943015,555-284-5477,brandon.wright@example.com
CB_9228,Jose Flores,24805246,555-459-1100,jose.flores@example.com
CB_9245,Lisa Jackson,40005165,555-773-7566,lisa.jackson@example.com
CB_9522,William Jackson,44491454,555-131-2503,william.jackson@example.com
CB_9621,Zachary Ortiz,16437323,555-485-7878,zachary.ortiz@example.com
CB_9718,Ryan Baker,12563557,555-478-6105,ryan.baker@example.com
CB_9787,Douglas Adams,40090558,555-710-2391,douglas.adams@example.com
CB_9949,Michael Martin,12563599,555-872-1815,michael.martin@example.com
CB_9963,Jerry Hernandez,20260512,555-553-7947,jerry.hernandez@example.com
IN_1002,Gary Cox,31665083,555-524-5475,gary.cox@example.com
IN_1027,Helen Rogers,9638163,555-453-8043,helen.rogers@example.com
IN_1045,Joseph Torres,47514432,555-794-8972,joseph.torres@example.com
IN_1142,Ruth Flores,5047907,555-325-7475,ruth.flores@example.com
IN_1172,Scott Davis,2515871,555-309-5938,scott.davis@example.com
IN_1200,Helen Moore,19147623,555-396-6375,helen.moore@example.com
IN_1261,Jessica Smith,35378964,555-864-8055,jessica.smith@example.com
IN_1268,Daniel Taylor,27515289,555-645-4770,daniel.taylor@example.com
IN_1275,Nicholas Bailey,46831953,555-925-6802,nicholas.bailey@example.com
IN_1287,Elizabeth Gomez,4838856,555-546-1307,elizabeth.gomez@example.com
IN_1370,Ryan Martinez,23009143,555-689-8033,ryan.martinez@example.com
IN_1381,Laura Phillips,49613669,555-755-7843,laura.phillips@example.com
IN_1442,Sharon Anderson,29181258,555-121-6321,sharon.anderson@example.com
IN_1477,Nancy Richardson,32876580,555-951-6928,nancy.richardson@example.com
IN_1545,Barbara Parker,9104354,555-349-8138,barbara.parker@example.com
IN_1649,Sarah Phillips,37162531,555-180-7484,sarah.phillips@example.com
IN_1675,Michelle Baker,16869449,555-441-3754,michelle.baker@example.com
IN_1698,Elizabeth Rogers,44494988,555-216-9693,elizabeth.rogers@example.com
IN_1723,Carol Harris,25446177,555-459-3419,carol.harris@example.com
IN_1808,Donald Wilson,11827705,555-362-4232,donald.wilson@example.com
IN_1926,Daniel Cox,12258917,555-878-2234,daniel.cox@example.com
IN_2023,Daniel Murphy,33135363,555-872-8354,daniel.murphy@example.com
IN_2221,Tyler Reed,45150451,555-750-6295,tyler.reed@example.com
IN_2257,Gregory Green,12130579,555-550-2118,gregory.green@example.com
IN_2275,Jacob Cruz,44371538,555-410-5500,jacob.cruz@example.com
IN_2473,Sarah Davis,25618442,555-619-2215,sarah.davis@example.com
IN_2518,Michelle Reyes,32327426,555-138-1932,michelle.reyes@example.com
IN_2618,Deborah Torres,7149330,555-760-2479,deborah.torres@example.com
IN_2721,Benjamin Kim,36028745,555-493-8581,benjamin.kim@example.com
IN_2737,Justin Peterson,4752987,555-560-4084,justin.peterson@example.com
IN_2856,Laura Cox,33918923,555-613-3471,laura.cox@example.com
IN_2880,Linda Edwards,8945893,555-930-6626,linda.edwards@example.com
IN_2928,Adam Hernandez,35859710,555-761-3827,adam.hernandez@example.com
IN_2957,Jennifer Young,49487688,555-548-8199,jennifer.young@example.com
IN_3012,Ruth Gutierrez,42923348,555-262-6962,ruth.gutierrez@example.com
IN_3084,Deborah Torres,27999085,555-518-6543,deborah.torres@example.com
IN_3121,Jerry Kim,5514190,555-908-6482,jerry.kim@example.com
IN_3162,William Nelson,8342186,555-671-7333,william.nelson@example.com
IN_3208,Andrew Allen,46061269,555-717-3463,andrew.allen@example.com
IN_3279,Kevin Hernandez,41106986,555-779-3317,kevin.hernandez@example.com
IN_3282,Brian Flores,46027086,555-815-7421,brian.flores@example.com
IN_3305,Thomas Kim,49569045,555-186-6072,thomas.kim@example.com
IN_3346,Michelle Carter,45184101,555-910-6381,michelle.carter@example.com
IN_3376,Thomas Ortiz,8271522,555-761-7937,thomas.ortiz@example.com
IN_3580,Carol Campbell,3223430,555-471-6060,carol.campbell@example.com
IN_3667,Lisa Ramirez,24933269,555-884-8967,lisa.ramirez@example.com
IN_3709,Matthew Lewis,11231854,555-258-2264,matthew.lewis@example.com
IN_4018,Sharon Gonzalez,36070479,555-889-9843,sharon.gonzalez@example.com
IN_4057,Peter Ortiz,4533191,555-777-6517,peter.ortiz@example.com
IN_4076,Samuel Taylor,42080530,555-485-3527,samuel.taylor@example.com
IN_4237,Charles White,48496083,555-889-3712,charles.white@example.com
IN_4242,Douglas Cruz,4932149,555-520-6968,douglas.cruz@example.com
IN_4274,Jerry Walker,31809670,555-725-5668,jerry.walker@example.com
IN_4359,Zachary Edwards,17703671,555-646-4918,zachary.edwards@example.com
IN_4372,Michelle Stewart,15020205,555-476-8218,michelle.stewart@example.com
IN_4488,Helen Torres,27627025,555-614-9641,helen.torres@example.com
IN_4565,Nancy Lee,15401487,555-920-3267,nancy.lee@example.com
IN_4612,Steven Miller,45028796,555-592-7081,steven.miller@example.com
IN_4679,Stephen Wilson,49741311,555-966-9452,stephen.wilson@example.com
IN_4720,Jessica Torres,7628764,555-881-3626,jessica.torres@example.com
IN_4728,Paul Edwards,36450519,555-250-8167,paul.edwards@example.com
IN_4729,Barbara Lewis,32274686,555-457-1436,barbara.lewis@example.com
IN_4787,Nancy Miller,28605575,555-614-7126,nancy.miller@example.com
IN_4794,Donald Roberts,7476448,555-483-4678,donald.roberts@example.com
IN_4845,Patricia Green,8649355,555-959-6493,patricia.green@example.com
IN_4942,Christopher Moore,4570483,555-393-8740,christopher.moore@example.com
IN_4962,Jose Moore,49347731,555-580-8349,jose.moore@example.com
IN_4970,Benjamin Smith,7316751,555-119-5193,benjamin.smith@example.com
IN_5020,Helen Martin,38829629,555-844-9647,helen.martin@example.com
IN_5201,Jason Anderson,21334169,555-343-5934,jason.anderson@example.com
IN_5203,Jessica Miller,18001404,555-529-8489,jessica.miller@example.com
IN_5276,William Anderson,35542971,555-711-9782,william.anderson@example.com
IN_5380,John Rogers,40590781,555-347-3352,john.rogers@example.com
IN_5487,Sharon Diaz,2104980,555-729-6780,sharon.diaz@example.com
IN_5508,Donald Kelly,29955378,555-291-2402,donald.kelly@example.com
IN_5569,Ruth Campbell,6541882,555-638-9914,ruth.campbell@example.com
IN_5579,Nicholas Cook,39188508,555-120-7397,nicholas.cook@example.com
IN_5657,Jacob Garcia,44659144,555-496-7116,jacob.garcia@example.com
IN_5729,Steven Williams,25964164,555-907-2106,steven.williams@example.com
IN_5735,Brian Walker,46097529,555-743-2698,brian.walker@example.com
IN_5777,Justin Nelson,10952966,555-145-6772,justin.nelson@example.com
IN_5883,Sharon Baker,45137283,555-279-8612,sharon.baker@example.com
IN_5930,Jose Morris,44395075,555-286-3209,jose.morris@example.com
IN_5949,William Collins,4481940,555-400-4302,william.collins@example.com
IN_6121,Jennifer Sanchez,4812260,555-423-6080,jennifer.sanchez@example.com
IN_6146,Carol Gomez,38442173,555-584-5150,carol.gomez@example.com
IN_6274,Robert Harris,21200577,555-465-1783,robert.harris@example.com
IN_6484,Raymond Nelson,20335256,555-227-7029,raymond.nelson@example.com
IN_6582,Karen Phillips,31510225,555-495-6554,karen.phillips@example.com
IN_6618,Lisa Murphy,48443930,555-609-7018,lisa.murphy@example.com
IN_6622,Eric Wright,7543964,555-844-7955,eric.wright@example.com
IN_6648,David Parker,42429956,555-942-3956,david.parker@example.com
IN_6734,Sharon Nguyen,23556134,555-205-2311,sharon.nguyen@example.com
IN_6742,Laura Nguyen,22568588,555-556-7981,laura.nguyen@example.com
IN_6795,Nancy Cruz,25591918,555-557-1693,nancy.cruz@example.com
IN_6833,Nathan Rivera,43261984,555-545-5498,nathan.rivera@example.com
IN_6835,Alexander Davis,7035927,555-787-7655,alexander.davis@example.com
IN_6839,George Rogers,47594474,555-263-1510,george.rogers@example.com
IN_6948,Christopher Cox,47505773,555-900-8179,christopher.cox@example.com
IN_6968,Robert Taylor,6511954,555-341-7001,robert.taylor@example.com
IN_7008,George Roberts,40067143,555-133-3513,george.roberts@example.com
IN_7038,Jerry Edwards,26895006,555-480-8273,jerry.edwards@example.com
IN_7095,Elizabeth Kelly,11240562,555-642-7012,elizabeth.kelly@example.com
IN_7129,Ronald Green,45591283,555-385-5089,ronald.green@example.com
IN_7204,Joseph Brown,14485473,555-611-9482,joseph.brown@example.com
IN_7207,Dorothy Bailey,9902806,555-368-5264,dorothy.bailey@example.com
IN_7249,Henry Edwards,16399577,555-726-5678,henry.edwards@example.com
IN_7349,Aaron Morales,15433741,555-225-3223,aaron.morales@example.com
IN_7351,Elizabeth Edwards,13586772,555-830-8292,elizabeth.edwards@example.com
IN_7366,Barbara Green,46817969,555-455-2063,barbara.green@example.com
IN_7670,Stephen Cooper,21485882,555-407-3580,stephen.cooper@example.com
IN_7673,Adam Thompson,26259329,555-620-4673,adam.thompson@example.com
IN_7678,Jessica Sanchez,11319869,555-342-9094,jessica.sanchez@example.com
IN_7724,Patricia Campbell,39179749,555-686-7044,patricia.campbell@example.com
IN_7800,Helen Peterson,10708799,555-726-2412,helen.peterson@example.com
IN_7925,William Flores,28720063,555-834-8842,william.flores@example.com
IN_7976,Ruth Evans,29476618,555-943-2208,ruth.evans@example.com
IN_8046,Thomas Green,45106613,555-175-8372,thomas.green@example.com
IN_8076,Helen Gutierrez,25119995,555-231-3981,helen.gutierrez@example.com
IN_8179,Thomas Parker,35746617,555-989-1907,thomas.parker@example.com
IN_8212,Jessica Gutierrez,12268694,555-411-3697,jessica.gutierrez@example.com
IN_8236,Charles Adams,49602473,555-330-6669,charles.adams@example.com
IN_8278,Eric Torres,7292198,555-356-4216,eric.torres@example.com
IN_8298,Alexander Peterson,20418097,555-228-5961,alexander.peterson@example.com
IN_8367,Benjamin Morgan,8269874,555-614-3762,benjamin.morgan@example.com
IN_8375,Sarah Howard,12347802,555-275-6531,sarah.howard@example.com
IN_8409,Larry Garcia,3904112,555-183-1744,larry.garcia@example.com
IN_8423,Frank Kelly,19760757,555-766-4453,frank.kelly@example.com
IN_8502,Laura Turner,43480554,555-754-1496,laura.turner@example.com
IN_8712,Donna Cooper,21439535,555-757-5949,donna.cooper@example.com
IN_8792,Sandra Young,47968957,555-515-5873,sandra.young@example.com
IN_8876,Ryan Martinez,48212074,555-161-3589,ryan.martinez@example.com
IN_8882,Jeffrey Turner,34497543,555-575-4342,jeffrey.turner@example.com
IN_8928,Sarah Cox,11641442,555-420-6231,sarah.cox@example.com
IN_9087,Nathan Hall,28757418,555-233-7070,nathan.hall@example.com
IN_9122,Carol Bailey,9125883,555-426-4960,carol.bailey@example.com
IN_9301,Helen Thomas,19949720,555-560-5061,helen.thomas@example.com
IN_9352,Christopher Gonzalez,5396063,555-397-7293,christopher.gonzalez@example.com
IN_9476,Benjamin Turner,18661136,555-986-3616,benjamin.turner@example.com
IN_9786,Laura Kelly,22985943,555-294-3610,laura.kelly@example.com
IN_9816,Donna Rogers,33327432,555-610-6055,donna.rogers@example.com
IN_9856,Donna Williams,8043092,555-502-9281,donna.williams@example.com
IN_9915,Ryan Walker,16438097,555-697-6781,ryan.walker@example.com
